{"schemaVersion":"1.0","appDefinitionTemplate":{"id":"/providers/Microsoft.PowerApps/apps/","type":"Microsoft.PowerApps/apps","tags":{"primaryDeviceWidth":"640","primaryDeviceHeight":"1136","sienaVersion":"20220406T214051Z-3.22022.23.0","deviceCapabilities":"","supportsPortrait":"true","supportsLandscape":"true","primaryFormFactor":"Phone","publisherVersion":"3.22022.23","minimumRequiredApiVersion":"2.2.0","hasComponent":"false","hasUnlockedComponent":"false","isUnifiedRootApp":"false"},"properties":{"appVersion":"2022-04-06T21:40:51Z","lifeCycleId":"Published","createdByClientVersion":{"major":3,"minor":22022,"build":23,"revision":0,"majorRevision":0,"minorRevision":0},"minClientVersion":{"major":3,"minor":22022,"build":23,"revision":0,"majorRevision":0,"minorRevision":0},"backgroundColor":"RGBA(0,176,240,1)","backgroundImageUri":"/12941978567763889391/Nf7a57be2-172f-4afe-889e-d8caab695c01-logoSmallFile","displayName":"TCC - Power Platform","description":"","commitMessage":"","appUris":{"documentUri":{"value":"/12941978567763889391/N21a663d2-a369-4884-8cc3-35f39eb85504-document.msapp"},"imageUris":[]},"createdTime":"0001-01-01T00:00:00Z","lastModifiedTime":"0001-01-01T00:00:00Z","sharedGroupsCount":0,"sharedUsersCount":0,"icons":{"smallIconUri":"/12941978567763889391/N4a897c71-f9b1-4b13-b0fd-93cdbb1e3d9f-small.png","mediumIconUri":"/12941978567763889391/N5a029c0a-c268-48e0-af5c-28e00d12a73b-medium.png","largeIconUri":"/12941978567763889391/Nceda27f7-b1e3-4ad5-b1e6-cffb7eb76f19-large.png","wideIconUri":"/12941978567763889391/N52192c64-a653-4f80-9e62-1757685e435d-wide.png"},"connectionReferences":{"5f091afb-8e32-4862-84ef-2631a5f20655":{"id":"89b0c1e0-81ee-4777-8672-aedb4cc6b9bf","displayName":"Fluxos lógicos","iconUri":"https://connectoricons-prod.azureedge.net/releases/v1.0.1534/1.0.1534.2605/logicflows/icon.png","dataSources":["ClicarnobotãodoPowerAppsparaenviarumemailusandooGmail."],"dependencies":["880a9d05-0b62-402c-943f-1c71bb3cf45c"],"dependents":[],"parameterHints":{"workflowName":{"value":"6d70dbe6-9564-4cda-89d8-81e17a03a022"},"workflowEntityId":{},"880a9d05-0b62-402c-943f-1c71bb3cf45c":{"value":"shared_gmail"}},"parameterHintsV2":{"workflowName":{"value":"6d70dbe6-9564-4cda-89d8-81e17a03a022"},"workflowEntityId":{},"shared_gmail":{"value":"880a9d05-0b62-402c-943f-1c71bb3cf45c"}},"isOnPremiseConnection":false,"bypassConsent":false,"dataSets":{},"apiTier":"Standard","isCustomApiConnection":false,"actions":["Run"],"nestedActions":[{"id":"/providers/Microsoft.PowerApps/apis/shared_gmail/apiOperations/SendEmailV2","apiName":"Gmail","actionName":"SendEmailV2","referencedResources":[]}]},"880a9d05-0b62-402c-943f-1c71bb3cf45c":{"id":"4aed12c8-b6a7-4829-9648-c39a9fa6a35f","displayName":"Gmail","iconUri":"https://connectoricons-prod.azureedge.net/releases/v1.0.1563/1.0.1563.2732/gmail/icon.png","dataSources":[],"dependencies":[],"dependents":["5f091afb-8e32-4862-84ef-2631a5f20655","fa317245-ff98-48a5-93c5-f9167d33a3e1","6f9aba76-a17c-4218-b548-871e3d7f02cf"],"parameterHints":{},"parameterHintsV2":{},"isOnPremiseConnection":false,"bypassConsent":false,"dataSets":{},"apiTier":"Standard","isCustomApiConnection":false},"fa317245-ff98-48a5-93c5-f9167d33a3e1":{"id":"89b0c1e0-81ee-4777-8672-aedb4cc6b9bf","displayName":"Fluxos lógicos","iconUri":"https://connectoricons-prod.azureedge.net/releases/v1.0.1534/1.0.1534.2605/logicflows/icon.png","dataSources":["ClicarnobotãodoPowerAppsparaenviarumemailusandooGmail.–2"],"dependencies":["880a9d05-0b62-402c-943f-1c71bb3cf45c"],"dependents":[],"parameterHints":{"workflowName":{"value":"3f10cc79-d45b-4863-ab84-4b3ae9a4cf5a"},"workflowEntityId":{},"880a9d05-0b62-402c-943f-1c71bb3cf45c":{"value":"shared_gmail"}},"parameterHintsV2":{"workflowName":{"value":"3f10cc79-d45b-4863-ab84-4b3ae9a4cf5a"},"workflowEntityId":{},"shared_gmail":{"value":"880a9d05-0b62-402c-943f-1c71bb3cf45c"}},"isOnPremiseConnection":false,"bypassConsent":false,"dataSets":{},"apiTier":"Standard","isCustomApiConnection":false,"nestedActions":[{"id":"/providers/Microsoft.PowerApps/apis/shared_gmail/apiOperations/SendEmailV2","apiName":"Gmail","actionName":"SendEmailV2","referencedResources":[]}]},"6f9aba76-a17c-4218-b548-871e3d7f02cf":{"id":"89b0c1e0-81ee-4777-8672-aedb4cc6b9bf","displayName":"Fluxos lógicos","iconUri":"https://connectoricons-prod.azureedge.net/releases/v1.0.1534/1.0.1534.2605/logicflows/icon.png","dataSources":["EmailParaoNovoRepresentante"],"dependencies":["880a9d05-0b62-402c-943f-1c71bb3cf45c"],"dependents":[],"parameterHints":{"workflowName":{"value":"7daa299a-f85a-4010-85db-8623deaba334"},"workflowEntityId":{},"880a9d05-0b62-402c-943f-1c71bb3cf45c":{"value":"shared_gmail"}},"parameterHintsV2":{"workflowName":{"value":"7daa299a-f85a-4010-85db-8623deaba334"},"workflowEntityId":{},"shared_gmail":{"value":"880a9d05-0b62-402c-943f-1c71bb3cf45c"}},"isOnPremiseConnection":false,"bypassConsent":false,"dataSets":{},"apiTier":"Standard","isCustomApiConnection":false,"actions":["Run"],"nestedActions":[{"id":"/providers/Microsoft.PowerApps/apis/shared_gmail/apiOperations/SendEmailV2","apiName":"Gmail","actionName":"SendEmailV2","referencedResources":[]}]}},"databaseReferences":{"default.cds":{"databaseDetails":{"referenceType":"Environmental","environmentName":"default.cds","overrideValues":{"status":"NotSpecified"}},"dataSources":{"Clientes Potenciais":{"entitySetName":"leads","logicalName":"lead"},"Tabela_Clientes_Potenciais":{"entitySetName":"cr365_tabela_cliente_potencials","logicalName":"cr365_tabela_cliente_potencial"},"Tabela_Estados":{"entitySetName":"cr365_tabela_estadoses","logicalName":"cr365_tabela_estados"},"Tabela_Representantes":{"entitySetName":"cr365_tabela_representanteses","logicalName":"cr365_tabela_representantes"}},"actions":["providers/PowerPlatform.Governance/Operations/Read","providers/PowerPlatform.Governance/Operations/Write","providers/PowerPlatform.Governance/Operations/Delete"]}},"almMode":"Environment","performanceOptimizationEnabled":true,"canConsumeAppPass":true,"executionRestrictions":{"isTeamsOnly":false,"dataLossPreventionEvaluationResult":{"status":"Compliant","lastEvaluationDate":"2022-04-06T21:41:16.7865999Z","violations":[],"violationsByPolicy":[],"violationErrorMessage":"O aplicativo usa os seguintes conectores: shared_logicflows, shared_gmail, shared_commondataservice."},"httpActionRestriction":{"appUsesSharepointHttpAction":false,"enforcementStrategy":"Legacy","evaluationTime":"2022-04-06T21:41:16.7865999Z"}}},"appType":"ClassicCanvasApp","appComponents":[]}}