{"name":"16b0ed50-fb54-4272-91ca-8a98750ed8fa","id":"/providers/Microsoft.Flow/flows/16b0ed50-fb54-4272-91ca-8a98750ed8fa","type":"Microsoft.Flow/flows","properties":{"apiId":"/providers/Microsoft.PowerApps/apis/shared_logicflows","displayName":"Clicar no botão do Power Apps para enviar um email usando o Gmail.","definition":{"metadata":{"workflowEntityId":null,"processAdvisorMetadata":null,"flowclientsuspensionreason":"None","flowclientsuspensiontime":null,"creator":{"id":"f04870c3-4082-4c82-8942-5ebb302401df","type":"User","tenantId":"0e51fa6c-3c27-400b-9adc-3c968300f607"},"provisioningMethod":"FromDefinition","failureAlertSubscription":true,"clientLastModifiedTime":"2022-04-04T07:19:55.3265759Z"},"$schema":"https://schema.management.azure.com/providers/Microsoft.Logic/schemas/2016-06-01/workflowdefinition.json#","contentVersion":"1.0.0.0","parameters":{"$connections":{"defaultValue":{},"type":"Object"},"$authentication":{"defaultValue":{},"type":"SecureObject"}},"triggers":{"manual":{"metadata":{"operationMetadataId":"767c6a6b-c352-410f-bd02-dd18510c622b"},"type":"Request","kind":"PowerApp","inputs":{"schema":{"type":"object","properties":{"Sendemail(V2)_To":{"type":"string","format":"email","description":"A list of valid email addresses separated by a semicolon or a comma.","x-ms-powerflows-param-ispartial":false},"Sendemail(V2)_Subject":{"type":"string","description":"Subject of the outgoing email.","x-ms-powerflows-param-ispartial":false},"Sendemail(V2)_Body":{"type":"string","format":"html","description":"Body of the outgoing email.. This parameter is used as part of \"F2ADD5EA-0D5A-4AD3-9172-5E1BA2987B8F\"","x-ms-powerflows-param-ispartial":true},"Sendemail(V2)_CC":{"type":"string","format":"email","description":"Uma lista de endereços de email válidos, separados por uma vírgula ou ponto e vírgula.","x-ms-powerflows-param-ispartial":false}},"required":["Sendemail(V2)_To","Sendemail(V2)_Subject","Sendemail(V2)_Body","Sendemail(V2)_CC"]}}}},"actions":{"Send_email_(V2)":{"runAfter":{},"metadata":{"operationMetadataId":"524a75c3-daec-4532-9bdf-526bb803a087"},"type":"OpenApiConnection","inputs":{"host":{"apiId":"/providers/Microsoft.PowerApps/apis/shared_gmail","connectionName":"shared_gmail","operationId":"SendEmailV2"},"parameters":{"emailMessage/To":"@triggerBody()['Sendemail(V2)_To']","emailMessage/Subject":"@triggerBody()['Sendemail(V2)_Subject']","emailMessage/Body":"<p>Olá,@{triggerBody()['Sendemail(V2)_Body']}Você foi Registrado com sucesso no TCC-Power Plataforma,Obrigado pelo seu interessem em participar do meu Projeto!<br>\n<br>\nCaso queira mais informações sobre sua inscrição do TCC - Power Plataforma falar com Paulo Marcelo.<br>\n<br>\nPor Fim,Obrigado pela sua atenção.<br>\n<br>\nPaulo Marcelo.</p>","emailMessage/Cc":"@triggerBody()['Sendemail(V2)_CC']"},"authentication":{"value":"@json(decodeBase64(triggerOutputs().headers['X-MS-APIM-Tokens']))['$ConnectionKey']","type":"Raw"}}}},"outputs":{}},"connectionReferences":{"shared_gmail":{"connectionName":"shared-gmail-b5cfc780-1cf5-45a4-bc0b-cb74c2552657","source":"Invoker","id":"/providers/Microsoft.PowerApps/apis/shared_gmail","tier":"NotSpecified"}},"flowFailureAlertSubscribed":false}}