{"name":"adcefca2-8f4c-4895-92bb-af35afeffdf9","id":"/providers/Microsoft.Flow/flows/adcefca2-8f4c-4895-92bb-af35afeffdf9","type":"Microsoft.Flow/flows","properties":{"apiId":"/providers/Microsoft.PowerApps/apis/shared_logicflows","displayName":"Email para o Representante que atendeu o tal cliente","definition":{"metadata":{"workflowEntityId":null,"processAdvisorMetadata":null,"flowclientsuspensionreason":"None","flowclientsuspensiontime":null,"creator":{"id":"f04870c3-4082-4c82-8942-5ebb302401df","type":"User","tenantId":"0e51fa6c-3c27-400b-9adc-3c968300f607"},"provisioningMethod":"FromDefinition","failureAlertSubscription":true,"clientLastModifiedTime":"2022-04-04T20:09:28.4314246Z"},"$schema":"https://schema.management.azure.com/providers/Microsoft.Logic/schemas/2016-06-01/workflowdefinition.json#","contentVersion":"1.0.0.0","parameters":{"$connections":{"defaultValue":{},"type":"Object"},"$authentication":{"defaultValue":{},"type":"SecureObject"}},"triggers":{"manual":{"metadata":{"operationMetadataId":"f7ec3fb4-2acd-4642-87e7-e26bc8f47a33"},"type":"Request","kind":"PowerApp","inputs":{"schema":{"type":"object","properties":{"Sendemail(V2)_To":{"type":"string","format":"email","description":"A list of valid email addresses separated by a semicolon or a comma.","x-ms-powerflows-param-ispartial":false},"Sendemail(V2)_Subject":{"type":"string","description":"Subject of the outgoing email.","x-ms-powerflows-param-ispartial":false},"Sendemail(V2)_Body":{"type":"string","format":"html","description":"Body of the outgoing email.. This parameter is used as part of \"F2ADD5EA-0D5A-4AD3-9172-5E1BA2987B8F\"","x-ms-powerflows-param-ispartial":true}},"required":["Sendemail(V2)_To","Sendemail(V2)_Subject","Sendemail(V2)_Body"]}}}},"actions":{"Send_email_(V2)":{"runAfter":{},"metadata":{"operationMetadataId":"2a7256df-6d1e-4c8e-830a-c80237e2dbf2"},"type":"OpenApiConnection","inputs":{"host":{"apiId":"/providers/Microsoft.PowerApps/apis/shared_gmail","connectionName":"shared_gmail","operationId":"SendEmailV2"},"parameters":{"emailMessage/To":"@triggerBody()['Sendemail(V2)_To']","emailMessage/Subject":"@triggerBody()['Sendemail(V2)_Subject']","emailMessage/Body":"<p>Novo Cliente Chamado @{triggerBody()['Sendemail(V2)_Body']} foi resgistrado e você foi o Representante que atendeu ele.<br>\n</p>"},"authentication":{"value":"@json(decodeBase64(triggerOutputs().headers['X-MS-APIM-Tokens']))['$ConnectionKey']","type":"Raw"}}}},"outputs":{},"description":"Envie um email usando a conta do Gmail ao clicar no botão do Power Apps."},"connectionReferences":{"shared_gmail":{"connectionName":"shared-gmail-b5cfc780-1cf5-45a4-bc0b-cb74c2552657","source":"Invoker","id":"/providers/Microsoft.PowerApps/apis/shared_gmail","tier":"NotSpecified"}},"flowFailureAlertSubscribed":false}}