{"name":"49feb15a-b766-4eae-851b-7091a20b0ff1","id":"/providers/Microsoft.Flow/flows/49feb15a-b766-4eae-851b-7091a20b0ff1","type":"Microsoft.Flow/flows","properties":{"apiId":"/providers/Microsoft.PowerApps/apis/shared_logicflows","displayName":"Email Para o Novo Representante","definition":{"metadata":{"workflowEntityId":null,"processAdvisorMetadata":null,"flowclientsuspensionreason":"None","flowclientsuspensiontime":null,"creator":{"id":"f04870c3-4082-4c82-8942-5ebb302401df","type":"User","tenantId":"0e51fa6c-3c27-400b-9adc-3c968300f607"},"provisioningMethod":"FromDefinition","failureAlertSubscription":true,"clientLastModifiedTime":"2022-04-04T06:51:27.2583423Z"},"$schema":"https://schema.management.azure.com/providers/Microsoft.Logic/schemas/2016-06-01/workflowdefinition.json#","contentVersion":"1.0.0.0","parameters":{"$connections":{"defaultValue":{},"type":"Object"},"$authentication":{"defaultValue":{},"type":"SecureObject"}},"triggers":{"manual":{"metadata":{"operationMetadataId":"75eb07b3-33e5-4273-943f-86d5ad7d922a"},"type":"Request","kind":"PowerApp","inputs":{"schema":{"type":"object","properties":{"Sendemail(V2)_To":{"type":"string","format":"email","description":"A list of valid email addresses separated by a semicolon or a comma.","x-ms-powerflows-param-ispartial":false},"Sendemail(V2)_Subject":{"type":"string","description":"Subject of the outgoing email.","x-ms-powerflows-param-ispartial":false},"Sendemail(V2)_Body":{"type":"string","format":"html","description":"Body of the outgoing email.. This parameter is used as part of \"F2ADD5EA-0D5A-4AD3-9172-5E1BA2987B8F\"","x-ms-powerflows-param-ispartial":true}},"required":["Sendemail(V2)_To","Sendemail(V2)_Subject","Sendemail(V2)_Body"]}}}},"actions":{"Send_email_(V2)":{"runAfter":{},"metadata":{"operationMetadataId":"cc02b593-3f3c-4171-a537-e95e22deb17e"},"type":"OpenApiConnection","inputs":{"host":{"apiId":"/providers/Microsoft.PowerApps/apis/shared_gmail","connectionName":"shared_gmail","operationId":"SendEmailV2"},"parameters":{"emailMessage/To":"@triggerBody()['Sendemail(V2)_To']","emailMessage/Subject":"@triggerBody()['Sendemail(V2)_Subject']","emailMessage/Body":"<p>Obrigado @{triggerBody()['Sendemail(V2)_Body']} por se tornar nosso novo Representante.<br>\nSeja Bem Vindo a Nossa Organizão!!</p>"},"authentication":{"value":"@json(decodeBase64(triggerOutputs().headers['X-MS-APIM-Tokens']))['$ConnectionKey']","type":"Raw"}}}},"outputs":{}},"connectionReferences":{"shared_gmail":{"connectionName":"shared-gmail-b5cfc780-1cf5-45a4-bc0b-cb74c2552657","source":"Invoker","id":"/providers/Microsoft.PowerApps/apis/shared_gmail","tier":"NotSpecified"}},"flowFailureAlertSubscribed":false}}